INSERT INTO file_info (id, created_date, updated_date, file_db_id, original_file_name, size, type)
VALUES ('616dd89d-feb6-44c2-8ae6-5d40539eab26', '2023-12-13 01:42:02.780337', '2023-12-13 01:42:02.780337',
        'ad85cc5e-0b97-4292-a2e2-944721486255.jpeg', 'A1.jpeg', '179238', 'image/jpeg'),
       ('e0d8113b-4184-4b2d-bf30-002dec860b12', '2023-12-13 01:48:22.331302', '2023-12-13 01:48:22.331302',
        'a384c8a2-44d2-4224-9967-6b5a7a20d45c.jpg', 'A2.jpg', '162923', 'image/jpeg'),
       ('74ec2ee8-95f1-4c08-80c1-fefdd17891c0', '2023-12-13 01:48:34.260180', '2023-12-13 01:48:34.260180',
        'a0528d15-be29-4b67-83b5-dccaf46198f2.jpg', 'A3.jpg', '62956', 'image/jpeg'),
       ('4f3e20f5-0402-423f-989c-3975c31e6b10', '2023-12-13 01:50:07.902145', '2023-12-13 01:50:07.902145',
        '0c252765-4ea3-4501-bb3b-d8e3b1cb79b9.jpg', 'A4.jpg', '71308', 'image/jpeg'),
       ('d6bb5217-3a46-4b88-9d5e-bb7ed965c032', '2023-12-13 01:50:13.981366', '2023-12-13 01:50:13.981366',
        '618e11cd-14b4-4c3c-bc75-994608cddabe.jpg', 'A6.jpg', '57334', 'image/jpeg'),
       ('a90b21f9-3366-430c-bf0b-02697c446e42', '2023-12-13 01:50:19.341408', '2023-12-13 01:50:19.341408',
        '252debbe-bde1-420a-92eb-e5e112a6305f.jpg', 'A7.jpg', '26550', 'image/jpeg'),
       ('39924d51-f1cf-4bdd-b576-b67325a3ad9e', '2023-12-13 01:50:24.462859', '2023-12-13 01:50:24.462859',
        '888ee70a-1d5c-4858-a22d-b7f904bf6bb1.jpeg', 'A8.jpeg', '24622', 'image/jpeg'),
       ('ea67fddc-12a0-43c2-85fd-5947967d7478', '2023-12-13 01:51:02.778926', '2023-12-13 01:51:02.778926',
        '5fb1782f-129c-4751-ada9-ba164f554672.jpg', 'A10.jpg', '47354', 'image/jpeg'),
       ('570e60b3-8783-47fa-be30-a6a0e71d26ab', '2023-12-13 01:51:08.324097', '2023-12-13 01:51:08.324097',
        '06bb07c1-f437-47e5-b9e9-d3a1eddda8ac.jpg', 'B1.jpg', '89894', 'image/jpeg'),
       ('44fba824-dc6c-4482-a1f2-8f2e62f572e4', '2023-12-13 01:51:13.204515', '2023-12-13 01:51:13.204515',
        '2466e762-9c14-449a-9e7c-aead1ec1727e.jpg', 'B2.jpg', '85400', 'image/jpeg'),
       ('7aa5028f-403e-4504-8137-55e061ccfa7f', '2023-12-13 01:51:21.636484', '2023-12-13 01:51:21.636484',
        '7d1d9709-4ff3-415c-80f1-29fe32b41d48.jpg', 'B3.jpg', '31367', 'image/jpeg'),
       ('f22bcc65-a124-42d6-83d9-6c0d7c69a19b', '2023-12-13 01:51:28.768088', '2023-12-13 01:51:28.768088',
        '1b09a13e-7536-4d50-8c40-734a12b7cf8c.jpg', 'B4.jpg', '59645', 'image/jpeg'),
       ('1da55582-3829-4f5b-a055-40b81050761f', '2023-12-13 01:51:35.186880', '2023-12-13 01:51:35.186880',
        '939dab03-498c-4b87-947b-3ab40764644c.jpg', 'B5.jpg', '76558', 'image/jpeg'),
       ('b4193f42-4ec6-4d97-98b0-9860a7b7a570', '2023-12-13 01:51:42.986666', '2023-12-13 01:51:42.986666',
        'bdeb48d1-ee2a-4361-9f62-cc9bd7429720.jpg', 'B7.jpg', '82665', 'image/jpeg'),
       ('e3c99100-18b5-44f8-9fe3-61a0977d428a', '2023-12-13 01:52:13.246006', '2023-12-13 01:52:13.246006',
        '76f9c31d-bc2b-426d-aaeb-d49dc992b145.jpg', 'B9.jpg', '11793', 'image/jpeg'),
       ('a0d6fcdc-9d8d-48d0-a251-6ef77d83b523', '2023-12-13 01:52:19.412443', '2023-12-13 01:52:19.412443',
        '65f2aacd-6b41-49f8-822d-700beb5ef919.jpg', 'C1.jpg', '102125', 'image/jpeg'),
       ('9c9ce32d-ddd8-4182-b15a-15ada82da7c3', '2023-12-13 01:52:26.102182', '2023-12-13 01:52:26.102182',
        'ce7f5a40-2698-40ee-a535-990ebf0bf370.jpg', 'C2.jpg', '52501', 'image/jpeg'),
       ('644a2f0b-fa18-497b-b1e7-3ca489b7d8a5', '2023-12-13 01:52:57.090285', '2023-12-13 01:52:57.090285',
        'dbb2e572-83cd-47ee-9969-0ce4bc9fa9c9.jpg', 'C3.jpg', '19425', 'image/jpeg'),
       ('f4757755-cbcd-4f60-8412-32785e602910', '2023-12-13 01:53:05.183221', '2023-12-13 01:53:05.183221',
        '97f6ec71-3ec4-4951-b547-0efdee34669a.jpg', 'C4.jpg', '55624', 'image/jpeg'),
       ('53a4b56f-bbb5-4122-9a0c-d7be0a4e32ab', '2023-12-13 01:53:14.593319', '2023-12-13 01:53:14.593319',
        'c239a332-b57e-4bcb-862b-075f490588ea.jpg', 'C5.jpg', '52199', 'image/jpeg'),
       ('ef2d7969-065e-48b6-bfa9-6794f9bf3827', '2023-12-13 01:53:45.292684', '2023-12-13 01:53:45.292684',
        '31d34f68-0807-4b16-8e61-ad774c3cdf0d.jpg', 'C7.jpg', '78019', 'image/jpeg'),
       ('4975762e-ec95-4255-aa05-54962c58cd1f', '2023-12-13 01:53:54.039883', '2023-12-13 01:53:54.039883',
        '30e9d08b-6c19-4968-97a3-3f9adaf79597.jpg', 'C9.jpg', '87011', 'image/jpeg'),
       ('f7b1506b-f2d8-41dd-94bf-4bfb2e133124', '2023-12-13 01:54:01.523583', '2023-12-13 01:54:01.523583',
        '2dfaa4cf-9ef9-4cb0-a01f-d2baddbb8631.jpg', 'C10.jpg', '29677', 'image/jpeg'),
       ('f069a84e-4b1a-4a5f-8631-07279a2771f0', '2023-12-13 01:54:07.411109', '2023-12-13 01:54:07.411109',
        '35253e49-e032-4484-9013-6de1e799d672.jpg', 'D1.jpg', '226133', 'image/jpeg'),
       ('b2914c22-f36e-473b-9232-054d7d9bfaae', '2023-12-13 01:54:35.628480', '2023-12-13 01:54:35.628480',
        '877ebf72-d3c0-4057-9790-6956517b5e91.jpg', 'D2.jpg', '50485', 'image/jpeg'),
       ('17147bb8-8067-4c21-8a0b-13b64c605dcc', '2023-12-13 01:54:41.446922', '2023-12-13 01:54:41.446922',
        '881e6aa0-5972-4218-ae5a-a5f1ec982598.jpg', 'D3.jpg', '20342', 'image/jpeg'),
       ('12108a06-2773-4b1c-9f2c-bfae103f44ee', '2023-12-13 01:55:58.664289', '2023-12-13 01:55:58.664289',
        '21b229fe-b566-4eb7-9884-d8352319b387.png', 'аллервэй.png', '373988', 'image/png'),
       ('bc9b7e89-2275-4c3c-b29d-8f30c25b01f6', '2023-12-13 01:56:03.793540', '2023-12-13 01:56:03.793540',
        '0cc068ab-d9de-42df-bd0e-e3ab3200d4be.jpg', 'аллергодил.jpg', '40981', 'image/jpeg'),
       ('0142f37a-dcec-431e-a4e2-8e8d25d93ce3', '2023-12-13 01:56:09.126656', '2023-12-13 01:56:09.127656',
        '20cf08d4-5c84-4d5e-b068-5d6b49dc4104.jpg', 'амоксиклав.jpg', '126595', 'image/jpeg'),
       ('c1b54053-7c75-4282-ab17-183d22a5a52b', '2023-12-13 01:56:14.519256', '2023-12-13 01:56:14.519256',
        '5ccbd73b-d96e-4199-8726-56bdb1f50fd7.jpg', 'амоксил.jpg', '12888', 'image/jpeg'),
       ('f42a0c30-b17c-4ae4-84c6-16fbe9319c71', '2023-12-13 01:56:20.010494', '2023-12-13 01:56:20.010494',
        'f2dc9ef9-aab6-4a30-a783-d6499516babf.jpg', 'Амоксициллин-Акос.jpg', '478705', 'image/jpeg'),
       ('70a94480-7f07-450f-933c-74445e893d28', '2023-12-13 01:56:26.618671', '2023-12-13 01:56:26.618671',
        'cecc6eb8-b1f9-4ce8-8776-7d70472e9469.jpg', 'Амоксициллин-Ратиофарм.jpg', '54283', 'image/jpeg'),
       ('6c922b7a-79c2-4f27-9c55-b19b02f2b26e', '2023-12-13 01:56:31.564379', '2023-12-13 01:56:31.564379',
        '547c085c-f977-4bc2-8fc1-fc66f5cf1d69.jpg', 'Амоксициллин-Сандоз.jpg', '67398', 'image/jpeg'),
       ('c68b5cbe-a174-44cd-86ba-12d893096c75', '2023-12-13 01:56:57.179494', '2023-12-13 01:56:57.179494',
        '958e84df-2671-49d9-b111-8650345fcb92.png', 'амосин.png', '585827', 'image/png'),
       ('c1081656-009a-4420-b6de-8d022c853d3e', '2023-12-13 01:57:03.126698', '2023-12-13 01:57:03.126698',
        '5bf7e6ca-1d5f-4755-baa2-601771853396.jpg', 'кларотадин.jpg', '84884', 'image/jpeg'),
       ('7dd28243-a667-427d-8eb3-5e6bf8b9de44', '2023-12-13 01:57:09.761956', '2023-12-13 01:57:09.761956',
        'f7aecafe-7ccc-4d2c-9697-bcf7fd124f6a.jpg', 'Ксилометазолин.jpg', '24810', 'image/jpeg'),
       ('5cdf03f5-cae8-4a52-9384-8a1da20b3d03', '2023-12-13 01:57:35.121922', '2023-12-13 01:57:35.121922',
        '4768298b-03d9-44e9-bbf6-11061872ac99.jpg', 'лоратал.jpg', '11470', 'image/jpeg'),
       ('aa0b6222-a6cd-4697-b8c8-76de6e410201', '2023-12-13 01:57:41.063369', '2023-12-13 01:57:41.063369',
        '59d176b9-8422-459f-8223-f9ec51f97922.jpg', 'Лосек.jpg', '21643', 'image/jpeg'),
       ('816324cb-16ff-419d-bcb5-8cb21ad73ba3', '2023-12-13 01:57:48.558830', '2023-12-13 01:57:48.558830',
        'd9a156a7-625d-464c-81d4-383a8012053e.jpg', 'Називин.jpg', '99383', 'image/jpeg'),
       ('d66357f1-d48e-4d95-b394-617f900ac1f8', '2023-12-13 01:58:39.069361', '2023-12-13 01:58:39.069361',
        '32cd1544-c2a1-433f-b5d0-b2d4a02d7fbb.jpg', 'Назол.jpg', '65142', 'image/jpeg'),
       ('58981f46-8e2d-4491-924b-a8f469065759', '2023-12-13 01:58:45.041415', '2023-12-13 01:58:45.041415',
        '8a755b57-5c5c-452a-9071-118685bf2093.jpg', 'Нафтизин.jpg', '56403', 'image/jpeg'),
       ('46e04cac-e980-46dd-ab54-286d6baa3a83', '2023-12-13 01:58:51.631324', '2023-12-13 01:58:51.631324',
        '3052aef1-ddd2-4dd6-bb16-877b00e5a062.jpg', 'Нокспрей.jpg', '72640', 'image/jpeg'),
       ('56a1031d-3b1f-4bfa-ae2c-451e2279cb8e', '2023-12-13 01:58:58.444974', '2023-12-13 01:58:58.444974',
        'b4bcd83b-c76e-4d21-b6c6-b9f40f74ad27.jpg', 'Омез.jpg', '19505', 'image/jpeg'),
       ('f903e464-2541-44a7-b05e-349f556e696d', '2023-12-13 01:59:05.904733', '2023-12-13 01:59:05.904733',
        '4dced217-a36a-4f95-9e66-186f7754dfe8.jpg', 'Омеп.jpg', '121837', 'image/jpeg'),
       ('0fc6fb08-bf5b-4225-9497-55cdf1b79ed4', '2023-12-13 01:59:11.986815', '2023-12-13 01:59:11.986815',
        '4581442b-3fd1-4d0e-a7f2-413f4a93a2cc.jpg', 'Омепразол-Акрихин.jpg', '136562', 'image/jpeg'),
       ('715d6065-e217-40ab-ae21-593ce617dcb6', '2023-12-13 01:59:19.438753', '2023-12-13 01:59:19.438753',
        'ed146279-cd6a-4173-b93c-7e5e4d9c2e28.jpg', 'Омепразол-Ратиофарм.jpg', '16507', 'image/jpeg'),
       ('b2cc9755-de82-4eba-ab26-806cf838ac32', '2023-12-13 01:59:29.031634', '2023-12-13 01:59:29.031634',
        '17a55564-7fce-451b-94de-a7238b47238d.jpg', 'Омепразол-Санте.jpg', '41325', 'image/jpeg'),
       ('463b3760-0830-42dd-863e-9666c921fb60', '2023-12-13 01:59:36.695462', '2023-12-13 01:59:36.695462',
        '75a9f8c6-ad98-4aee-92cd-f7f8e29ef519.png', 'Омепразол-Тева.png', '254750', 'image/png'),
       ('aa081fc7-8efa-4f06-b9cf-a8f53cab038d', '2023-12-13 01:59:43.908988', '2023-12-13 01:59:43.908988',
        'cabb92ab-54be-43a0-9967-13979722e5d4.jpg', 'Риназолин.jpg', '58338', 'image/jpeg'),
       ('28e526ba-e673-49a5-9f27-23cb4782af1f', '2023-12-13 01:59:51.100454', '2023-12-13 01:59:51.100454',
        '7752ef24-17e7-44bf-9706-ad3e3c161c43.png', 'Ринорин.png', '307725', 'image/png'),
       ('9624e5b4-497b-4c44-bc21-db3834437b73', '2023-12-13 01:59:58.952819', '2023-12-13 01:59:58.952819',
        '4642b7e6-075f-40f8-b6b9-5944874cddc5.jpg', 'Ринт.jpg', '93457', 'image/jpeg'),
       ('365af848-d470-428b-841d-cc3f193ffd8c', '2023-12-13 02:00:06.623450', '2023-12-13 02:00:06.623450',
        '9e9fbd57-4e28-426e-ae14-7802fbb02eab.jpg', 'Судафед.jpg', '51505', 'image/jpeg'),
       ('d4877ddb-d9ef-4a40-853f-9516bdf4dc84', '2023-12-13 02:00:12.650698', '2023-12-13 02:00:12.650698',
        '416e8a86-363b-4c6e-b914-a9351442b8fd.jpg', 'Фармазолин.jpg', '45621', 'image/jpeg'),
       ('0b46ad58-44d3-496b-a9cf-ff072d53948b', '2023-12-13 02:00:17.698649', '2023-12-13 02:00:17.698649',
        '5604c2ed-738a-48a0-b628-19083d886d20.jpg', 'флемоксин солютаб.jpg', '24108', 'image/jpeg');

INSERT INTO category(id, created_date, updated_date, name)
VALUES ('c55e9883-3552-4c9f-9d21-08f9a328a9e6', CURRENT_TIMESTAMP, CURRENT_TIMESTAMP, 'Анальгетики'),
       ('e6b7002f-75b3-40e2-8b13-1e68fcf186a9', CURRENT_TIMESTAMP, CURRENT_TIMESTAMP, 'Антипиретики'),
       ('a39cc9d0-f0a4-4851-b1a2-0a84b9da7aeb', CURRENT_TIMESTAMP, CURRENT_TIMESTAMP,
        'Нестероидные противовоспалительные препараты (НПВП)'),
       ('b9bf0631-16df-42a4-9f34-d86525d5a870', CURRENT_TIMESTAMP, CURRENT_TIMESTAMP, 'Антигистаминные препараты'),
       ('87ef89d1-7802-4f01-aed7-f0d51d9f00de', CURRENT_TIMESTAMP, CURRENT_TIMESTAMP,
        'Антибиотики (группа пенициллинов)'),
       ('b6bb1e74-bf6c-4d43-aad3-764d8308c55b', CURRENT_TIMESTAMP, CURRENT_TIMESTAMP, 'Деконгестанты'),
       ('4300eac4-9e48-4d69-ba4b-8756d596695d', CURRENT_TIMESTAMP, CURRENT_TIMESTAMP,
        'Протоннобомплексные ингибиторы (ППИ)');

INSERT INTO analogue_class(id, created_date, updated_date, title)
VALUES ('10b2c67c-22aa-48b7-835e-ff7bc4e9826d', CURRENT_TIMESTAMP, CURRENT_TIMESTAMP, 'Парацетамол'),
       ('5a7e9dbf-c835-43b2-bfc2-11c51e93d6b1', CURRENT_TIMESTAMP, CURRENT_TIMESTAMP, 'Ибупрофен'),
       ('8c8fbcb1-9753-4c50-9cf1-1c1a9d37eeb8', CURRENT_TIMESTAMP, CURRENT_TIMESTAMP, 'Аспирин'),
       ('d33b7cfe-2315-42e0-bafd-03ac7e4bf4f8', CURRENT_TIMESTAMP, CURRENT_TIMESTAMP, 'Лоратадин'),
       ('f0d9ee8c-4e17-46d3-a50d-2429d09b7c97', CURRENT_TIMESTAMP, CURRENT_TIMESTAMP, 'Амоксициллин'),
       ('b3448c6e-01d3-44cd-8ad1-15316332f71a', CURRENT_TIMESTAMP, CURRENT_TIMESTAMP, 'Фенилэфрин'),
       ('a3d92d20-858e-4e0d-9aa6-22eb3ecf8fc2', CURRENT_TIMESTAMP, CURRENT_TIMESTAMP, 'Омепразол');

INSERT INTO drugs (id, created_date, updated_date, composition, contraindications, description, effect, instruction,
                   manufacturer, release_form, side_effects, storage_conditions, title, analogue_class_id)
VALUES ('f625a519-1c5e-4c9f-8f43-5d18454b7232', CURRENT_TIMESTAMP, CURRENT_TIMESTAMP, 'Парацетамол',
        'Индивидуальная непереносимость компонентов, беременность, грудное вскармливание',
        'Панадол - это противовоспалительное, жаропонижающее и болеутоляющее средство.',
        'Панадол применяется при гриппе, простудах, головной боли, зубной боли и др.',
        'Принимайте по 1-2 таблетки каждые 4-6 часов. Не превышайте дозировку.', 'ACME Pharmaceuticals', 'Таблетки',
        'Возможны аллергические реакции, редко - диспептические расстройства.', 'Хранить при температуре не выше 25°C.',
        'Панадол', '10b2c67c-22aa-48b7-835e-ff7bc4e9826d'),

       ('e9a4a8bb-00b3-4d8c-bf52-69430931fb5a', CURRENT_TIMESTAMP, CURRENT_TIMESTAMP, 'Парацетамол',
        'Индивидуальная непереносимость компонентов, беременность, грудное вскармливание',
        'Парацетамол - анальгетик и жаропонижающее средство.',
        'Парацетамол применяется при гриппе, простудах, головной боли, зубной боли и др.',
        'Принимайте по 1-2 таблетки каждые 4-6 часов. Не превышайте дозировку.', 'MedPharm Co.', 'Таблетки',
        'Возможны аллергические реакции, редко - диспептические расстройства.', 'Хранить при температуре не выше 30°C.',
        'Парацетамол', '10b2c67c-22aa-48b7-835e-ff7bc4e9826d'),

       ('bb773581-4d15-4c8b-ae9a-24eb0862a90c', CURRENT_TIMESTAMP, CURRENT_TIMESTAMP, 'Парацетамол, Кофеин',
        'Индивидуальная непереносимость компонентов, гипертония, нарушения сна',
        'Калгель - это комбинированное средство для снятия боли и жаропонижения.',
        'Калгель применяется при головной боли, мигрени, гриппе и простудах.',
        'Принимайте 1-2 капсулы после еды, не более 3 раз в день.', 'Health Solutions Inc.', 'Капсулы',
        'Могут возникнуть боли в животе и головокружение.', 'Хранить при температуре не выше 25°C.', 'Калгель',
        '10b2c67c-22aa-48b7-835e-ff7bc4e9826d'),

       ('cee4c85e-4e05-4aaf-8a15-b8f619678c3e', CURRENT_TIMESTAMP, CURRENT_TIMESTAMP,
        'Цефеклор, Парацетамол, Фенилепфрин',
        'Индивидуальная непереносимость компонентов, беременность, грудное вскармливание',
        'Цефекон Д - это комбинированный препарат с антимикробным и жаропонижающим действием.',
        'Цефекон Д применяется при ОРВИ, гриппе, болях в горле.', 'Принимайте 1 таблетку каждые 8 часов после еды.',
        'MedicoPharma', 'Таблетки', 'Могут возникнуть аллергические реакции, редко - нарушение сна.',
        'Хранить при температуре не выше 25°C.', 'Цефекон Д', '10b2c67c-22aa-48b7-835e-ff7bc4e9826d'),

       ('8e1cf14d-7609-4074-ba8c-cd227a0b10a1', CURRENT_TIMESTAMP, CURRENT_TIMESTAMP, 'Парацетамол',
        'Индивидуальная непереносимость компонентов, заболевания печени',
        'Парацетамол-Ратиофарм - это противовоспалительное, жаропонижающее и болеутоляющее средство.',
        'Применяется при гриппе, простудах, головной боли, зубной боли и др.',
        'Принимайте по 1 таблетке каждые 6 часов. Не превышайте дозировку.', 'RatioPharmaceuticals', 'Таблетки',
        'Возможны аллергические реакции, редко - диспептические расстройства.', 'Хранить при температуре не выше 30°C.',
        'Парацетамол-Ратиофарм', '10b2c67c-22aa-48b7-835e-ff7bc4e9826d'),

       ('9238c21a-e31d-401e-a932-947f19f0b6a3', CURRENT_TIMESTAMP, CURRENT_TIMESTAMP, 'Парацетамол',
        'Индивидуальная непереносимость компонентов, заболевания почек',
        'Ацетаминофен - анальгетик и жаропонижающее средство.',
        'Применяется при гриппе, простудах, головной боли, зубной боли и др.',
        'Принимайте по 1-2 таблетки каждые 4-6 часов. Не превышайте дозировку.', 'MediCare Labs', 'Таблетки',
        'Возможны аллергические реакции, редко - диспептические расстройства.', 'Хранить при температуре не выше 25°C.',
        'Ацетаминофен', '10b2c67c-22aa-48b7-835e-ff7bc4e9826d'),

       ('bd2e17e2-5ac6-4f9d-b96e-5a6b4cc63757', CURRENT_TIMESTAMP, CURRENT_TIMESTAMP, 'Парацетамол',
        'Индивидуальная непереносимость компонентов, гипертония, бронхиальная астма',
        'Калпол - это противовоспалительное, жаропонижающее и болеутоляющее средство.',
        'Применяется при гриппе, простудах, головной боли, зубной боли и др.',
        'Принимайте 1-2 таблетки каждые 4-6 часов. Не превышайте дозировку.', 'Wellness Pharma', 'Таблетки',
        'Возможны аллергические реакции, редко - диспептические расстройства.', 'Хранить при температуре не выше 30°C.',
        'Калпол', '10b2c67c-22aa-48b7-835e-ff7bc4e9826d'),

       ('aa013c23-7194-4bc5-ba2d-ba501902c47c', CURRENT_TIMESTAMP, CURRENT_TIMESTAMP, 'Парацетамол',
        'Индивидуальная непереносимость компонентов, заболевания печени',
        'Эффералган - это противовоспалительное, жаропонижающее и болеутоляющее средство.',
        'Применяется при гриппе, простудах, головной боли, зубной боли и др.',
        'Принимайте 1-2 таблетки каждые 6 часов. Не превышайте дозировку.', 'PharmaWell', 'Таблетки',
        'Возможны аллергические реакции, редко - диспептические расстройства.', 'Хранить при температуре не выше 25°C.',
        'Эффералган', '10b2c67c-22aa-48b7-835e-ff7bc4e9826d'),

       ('e24dbefa-977f-4a12-b831-93e1e87183f4', CURRENT_TIMESTAMP, CURRENT_TIMESTAMP, 'Ибупрофен',
        'Индивидуальная непереносимость, язвенные поражения ЖКТ, нарушения свертываемости крови.',
        'Нурофен - препарат на основе ибупрофена, применяется для снижения температуры и облегчения боли при головной боли, зубной боли, мигрени и других состояниях.',
        'Снижение температуры, облегчение боли.',
        'Принимать внутрь, запивая водой. Дозировка зависит от возраста и веса пациента. Не превышать рекомендованную дозу.',
        'Reckitt Benckiser', 'Таблетки', 'Редко возможны аллергические реакции, диспептические расстройства.',
        'Хранить при температуре до 25°C в недоступном для детей месте.', 'Нурофен',
        '5a7e9dbf-c835-43b2-bfc2-11c51e93d6b1'),

       ('bd44c7bd-eb11-4f2f-9e36-1e8aa3d8b6ec', CURRENT_TIMESTAMP, CURRENT_TIMESTAMP, 'Ибупрофен',
        'Индивидуальная непереносимость, язвенные поражения ЖКТ, нарушения свертываемости крови.',
        'Ибуфен - простой и эффективный препарат на основе ибупрофена, применяется для снижения температуры и облегчения боли при различных заболеваниях и состояниях.',
        'Снижение температуры, облегчение боли.',
        'Принимать внутрь, запивая водой. Дозировка зависит от возраста и веса пациента. Не превышать рекомендованную дозу.',
        'Bayer', 'Таблетки', 'Редко возможны аллергические реакции, диспептические расстройства.',
        'Хранить при температуре до 25°C в недоступном для детей месте.', 'Ибуфен',
        '5a7e9dbf-c835-43b2-bfc2-11c51e93d6b1'),

       ('78f8a6a5-6e1e-47a1-b3c9-5f5e5ccba287', CURRENT_TIMESTAMP, CURRENT_TIMESTAMP, 'Ибупрофен',
        'Индивидуальная непереносимость, язвенные поражения ЖКТ, нарушения свертываемости крови.',
        'Бруфен - препарат, содержащий ибупрофен, применяется для снижения температуры и облегчения боли при различных заболеваниях и состояниях.',
        'Снижение температуры, облегчение боли.',
        'Принимать внутрь, запивая водой. Дозировка зависит от возраста и веса пациента. Не превышать рекомендованную дозу.',
        'Pfizer', 'Таблетки', 'Редко возможны аллергические реакции, диспептические расстройства.',
        'Хранить при температуре до 25°C в недоступном для детей месте.', 'Бруфен',
        '5a7e9dbf-c835-43b2-bfc2-11c51e93d6b1'),

       ('bb31e03a-65f3-4157-90d5-33fb7a0ea1b5', CURRENT_TIMESTAMP, CURRENT_TIMESTAMP, 'Ибупрофен, Парацетамол',
        'Индивидуальная непереносимость, острая печеночная недостаточность.',
        'Ибуклин - комбинированный препарат для снижения температуры и облегчения боли, содержащий ибупрофен и парацетамол.',
        'Снижение температуры, облегчение боли.',
        'Принимать внутрь, запивая водой. Дозировка зависит от возраста и веса пациента. Не превышать рекомендованную дозу.',
        'Novartis', 'Таблетки', 'Редко возможны аллергические реакции, диспептические расстройства.',
        'Хранить при температуре до 25°C в недоступном для детей месте.', 'Ибуклин',
        '5a7e9dbf-c835-43b2-bfc2-11c51e93d6b1'),

       ('f1be64fe-1e34-432d-97b0-1c8eaf0020c7', CURRENT_TIMESTAMP, CURRENT_TIMESTAMP, 'Ибупрофен, Кофеин',
        'Индивидуальная непереносимость, артериальная гипертензия, беременность.',
        'Миг - комбинированный препарат для лечения головной боли, содержащий ибупрофен и кофеин. Обладает анальгетическим и стимулирующим действием.',
        'Снижение боли, повышение бодрствования.',
        'Принимать внутрь, запивая водой. Дозировка зависит от возраста и веса пациента. Не превышать рекомендованную дозу.',
        'GlaxoSmithKline', 'Таблетки', 'Редко возможны аллергические реакции, бессонница.',
        'Хранить при температуре до 25°C в недоступном для детей месте.', 'Миг',
        '5a7e9dbf-c835-43b2-bfc2-11c51e93d6b1'),

       ('d556e7e8-6c65-46e5-901f-090f3281c130', CURRENT_TIMESTAMP, CURRENT_TIMESTAMP, 'Ибупрофен',
        'Индивидуальная непереносимость, язвенные поражения ЖКТ, нарушения свертываемости крови.',
        'Профенид - препарат на основе ибупрофена, применяется для снижения температуры и облегчения боли при различных заболеваниях и состояниях.',
        'Снижение температуры, облегчение боли.',
        'Принимать внутрь, запивая водой. Дозировка зависит от возраста и веса пациента. Не превышать рекомендованную дозу.',
        'Abbott Laboratories', 'Таблетки', 'Редко возможны аллергические реакции, диспептические расстройства.',
        'Хранить при температуре до 25°C в недоступном для детей месте.', 'Профенид',
        '5a7e9dbf-c835-43b2-bfc2-11c51e93d6b1'),

       ('9f16ebbb-c3c9-4b6b-82ef-af74f8b78d2d', CURRENT_TIMESTAMP, CURRENT_TIMESTAMP, 'Ибупрофен',
        'Индивидуальная непереносимость, язвенные поражения ЖКТ, нарушения свертываемости крови.',
        'Ибупрофен-Ратиофарм - простой и эффективный препарат на основе ибупрофена, применяется для снижения температуры и облегчения боли при различных заболеваниях и состояниях.',
        'Снижение температуры, облегчение боли.',
        'Принимать внутрь, запивая водой. Дозировка зависит от возраста и веса пациента. Не превышать рекомендованную дозу.',
        'RatioPharm', 'Таблетки', 'Редко возможны аллергические реакции, диспептические расстройства.',
        'Хранить при температуре до 25°C в недоступном для детей месте.', 'Ибупрофен-Ратиофарм',
        '5a7e9dbf-c835-43b2-bfc2-11c51e93d6b1'),

       ('2075b07b-0a63-4a2f-ba19-9e75f8a0f939', CURRENT_TIMESTAMP, CURRENT_TIMESTAMP, 'Аспирин',
        'Индивидуальная непереносимость, язвенные поражения ЖКТ, нарушения свертываемости крови.',
        'Аспикард - препарат на основе аспирина, используется для предупреждения тромбообразования и улучшения кровообращения.',
        'Профилактика тромбообразования, улучшение кровообращения.',
        'Принимать внутрь после еды, запивая водой. Дозировка зависит от индивидуальных особенностей пациента и цели приема. Не превышать рекомендованную дозу.',
        'Bayer', 'Таблетки', 'Редко возможны аллергические реакции, диспептические расстройства.',
        'Хранить при температуре до 25°C в недоступном для детей месте.', 'Аспикард',
        '8c8fbcb1-9753-4c50-9cf1-1c1a9d37eeb8'),

       ('a6de02d2-08ec-42f1-bc1e-c1b2e2c5de5f', CURRENT_TIMESTAMP, CURRENT_TIMESTAMP, 'Ацетилсалициловая кислота',
        'Индивидуальная непереносимость, геморрагические нарушения, беременность.',
        'Ацетилсалициловая кислота - препарат, применяемый в медицинской практике как анальгетик, жаропонижающее и противовоспалительное средство.',
        'Снижение боли, жаропонижающий эффект, противовоспалительное действие.',
        'Принимать внутрь после еды, запивая водой. Дозировка зависит от цели приема и индивидуальных особенностей пациента.',
        'Bayer', 'Таблетки', 'Возможны аллергические реакции, диспептические расстройства.',
        'Хранить при температуре до 25°C в недоступном для детей месте.', 'Ацетилсалициловая кислота',
        '8c8fbcb1-9753-4c50-9cf1-1c1a9d37eeb8'),

       ('86282607-3b45-4eb5-98a9-d0e9f9c2dfb4', CURRENT_TIMESTAMP, CURRENT_TIMESTAMP, 'Ацетилсалициловая кислота',
        'Индивидуальная непереносимость, геморрагические нарушения, беременность.',
        'Аспирин - препарат, содержащий ацетилсалициловую кислоту, используется для снижения боли, жаропонижения и противовоспалительного действия.',
        'Снижение боли, жаропонижающий эффект, противовоспалительное действие.',
        'Принимать внутрь после еды, запивая водой. Дозировка зависит от цели приема и индивидуальных особенностей пациента.',
        'Bayer', 'Таблетки', 'Возможны аллергические реакции, диспептические расстройства.',
        'Хранить при температуре до 25°C в недоступном для детей месте.', 'Аспирин',
        '8c8fbcb1-9753-4c50-9cf1-1c1a9d37eeb8'),

       ('05bd51f4-53dd-4b50-9265-57654e9e8e2a', CURRENT_TIMESTAMP, CURRENT_TIMESTAMP, 'Ацетилсалициловая кислота',
        'Индивидуальная непереносимость, геморрагические нарушения, беременность.',
        'Таспир - препарат на основе ацетилсалициловой кислоты, применяется для профилактики тромбообразования и улучшения микроциркуляции.',
        'Профилактика тромбообразования, улучшение микроциркуляции.',
        'Принимать внутрь после еды, запивая водой. Дозировка зависит от цели приема и индивидуальных особенностей пациента.',
        'Berlin-Chemie', 'Таблетки', 'Возможны аллергические реакции, диспептические расстройства.',
        'Хранить при температуре до 25°C в недоступном для детей месте.', 'Таспир',
        '8c8fbcb1-9753-4c50-9cf1-1c1a9d37eeb8'),

       ('7fb5e91d-46b7-4a13-a91c-26e15e345345', CURRENT_TIMESTAMP, CURRENT_TIMESTAMP, 'Ацетилсалициловая кислота',
        'Индивидуальная непереносимость, геморрагические нарушения, беременность.',
        'Аспирин-Кардио - препарат, содержащий ацетилсалициловую кислоту, используется для профилактики тромбообразования и улучшения кровообращения.',
        'Профилактика тромбообразования, улучшение кровообращения.',
        'Принимать внутрь после еды, запивая водой. Дозировка зависит от цели приема и индивидуальных особенностей пациента.',
        'Bayer', 'Таблетки', 'Возможны аллергические реакции, диспептические расстройства.',
        'Хранить при температуре до 25°C в недоступном для детей месте.', 'Аспирин-Кардио',
        '8c8fbcb1-9753-4c50-9cf1-1c1a9d37eeb8'),

       ('9029a032-1ef5-4f86-95e4-5ecf89b9e3de', CURRENT_TIMESTAMP, CURRENT_TIMESTAMP,
        'Ацетилсалициловая кислота, Ацетаминовенол',
        'Индивидуальная непереносимость, геморрагические нарушения, беременность.',
        'Ацекардол - комбинированный препарат, содержащий ацетилсалициловую кислоту и ацетаминовенол. Используется для улучшения микроциркуляции и снижения воспаления.',
        'Улучшение микроциркуляции, снижение воспаления.',
        'Принимать внутрь после еды, запивая водой. Дозировка зависит от цели приема и индивидуальных особенностей пациента.',
        'Berlin-Chemie', 'Таблетки', 'Возможны аллергические реакции, диспептические расстройства.',
        'Хранить при температуре до 25°C в недоступном для детей месте.', 'Ацекардол',
        '8c8fbcb1-9753-4c50-9cf1-1c1a9d37eeb8'),

       ('73626e55-5873-4af9-9c82-61f570cc23a7', CURRENT_TIMESTAMP, CURRENT_TIMESTAMP, 'Ацетилсалициловая кислота',
        'Индивидуальная непереносимость, геморрагические нарушения, беременность.',
        'Кардио Аспирин - препарат, содержащий ацетилсалициловую кислоту, используется для профилактики тромбообразования и улучшения кровообращения.',
        'Профилактика тромбообразования, улучшение кровообращения.',
        'Принимать внутрь после еды, запивая водой. Дозировка зависит от цели приема и индивидуальных особенностей пациента.',
        'Bayer', 'Таблетки', 'Возможны аллергические реакции, диспептические расстройства.',
        'Хранить при температуре до 25°C в недоступном для детей месте.', 'Кардио Аспирин',
        '8c8fbcb1-9753-4c50-9cf1-1c1a9d37eeb8'),

       ('14269b41-877c-4da3-9922-792d5941cb56', CURRENT_TIMESTAMP, CURRENT_TIMESTAMP, 'Ацетилсалициловая кислота',
        'Индивидуальная непереносимость, геморрагические нарушения, беременность.',
        'Ацетисал-КардиоНео - препарат, содержащий ацетилсалициловую кислоту, используется для профилактики тромбообразования и улучшения кровообращения.',
        'Профилактика тромбообразования, улучшение кровообращения.',
        'Принимать внутрь после еды, запивая водой. Дозировка зависит от цели приема и индивидуальных особенностей пациента.',
        'Berlin-Chemie', 'Таблетки', 'Возможны аллергические реакции, диспептические расстройства.',
        'Хранить при температуре до 25°C в недоступном для детей месте.', 'Ацетисал-КардиоНео',
        '8c8fbcb1-9753-4c50-9cf1-1c1a9d37eeb8'),

       ('a71f25f4-cc3e-4e5a-9a4a-eb5f8bb0db6f', CURRENT_TIMESTAMP, CURRENT_TIMESTAMP, 'Лоратадин',
        'Индивидуальная непереносимость, беременность, лактация.',
        'Кларитин - препарат на основе лоратадина, применяется для снижения симптомов аллергии, таких как зуд, насморк и чихание.',
        'Снижение симптомов аллергии.',
        'Принимать внутрь, независимо от приема пищи. Дозировка зависит от возраста и веса пациента. Не превышать рекомендованную дозу.',
        'Bayer', 'Таблетки', 'Редко возможны аллергические реакции, головокружение.',
        'Хранить при температуре до 25°C в недоступном для детей месте.', 'Кларитин',
        'd33b7cfe-2315-42e0-bafd-03ac7e4bf4f8'),

       ('a0c2f15d-3c8f-45e1-8645-76420897414c', CURRENT_TIMESTAMP, CURRENT_TIMESTAMP, 'Лоратадин',
        'Индивидуальная непереносимость, беременность, лактация.',
        'Лоратадин - препарат, применяемый для снижения симптомов аллергии, таких как зуд, насморк и чихание.',
        'Снижение симптомов аллергии.',
        'Принимать внутрь, независимо от приема пищи. Дозировка зависит от возраста и веса пациента. Не превышать рекомендованную дозу.',
        'Bayer', 'Таблетки', 'Редко возможны аллергические реакции, головокружение.',
        'Хранить при температуре до 25°C в недоступном для детей месте.', 'Лоратадин',
        'd33b7cfe-2315-42e0-bafd-03ac7e4bf4f8'),

       ('e6e85b14-f50d-40f2-a1c4-6b8d2b3667c1', CURRENT_TIMESTAMP, CURRENT_TIMESTAMP, 'Лоратадин',
        'Индивидуальная непереносимость, беременность, лактация.',
        'Аллерон - препарат, содержащий лоратадин, применяется для снижения симптомов аллергии, таких как зуд, насморк и чихание.',
        'Снижение симптомов аллергии.',
        'Принимать внутрь, независимо от приема пищи. Дозировка зависит от возраста и веса пациента. Не превышать рекомендованную дозу.',
        'Johnson & Johnson', 'Таблетки', 'Редко возможны аллергические реакции, головокружение.',
        'Хранить при температуре до 25°C в недоступном для детей месте.', 'Аллерон',
        'd33b7cfe-2315-42e0-bafd-03ac7e4bf4f8'),

       ('98cc52d8-4ba1-4753-a84e-6a42b6701fb1', CURRENT_TIMESTAMP, CURRENT_TIMESTAMP, 'Лоратадин',
        'Индивидуальная непереносимость, беременность, лактация.',
        'Аллервэй - препарат, содержащий лоратадин, применяется для снижения симптомов аллергии, таких как зуд, насморк и чихание.',
        'Снижение симптомов аллергии.',
        'Принимать внутрь, независимо от приема пищи. Дозировка зависит от возраста и веса пациента. Не превышать рекомендованную дозу.',
        'Novartis', 'Таблетки', 'Редко возможны аллергические реакции, головокружение.',
        'Хранить при температуре до 25°C в недоступном для детей месте.', 'Аллервэй',
        'd33b7cfe-2315-42e0-bafd-03ac7e4bf4f8'),

       ('103e588a-2e9a-4a23-bf2a-6fb06f5ea25a', CURRENT_TIMESTAMP, CURRENT_TIMESTAMP, 'Кромоглициевая кислота',
        'Индивидуальная непереносимость, беременность, лактация.',
        'Аллергодил - препарат, применяемый для профилактики и лечения аллергического ринита, конъюнктивита и кератита.',
        'Профилактика и лечение аллергических проявлений в области глаз и носа.',
        'Принимать внутрь, независимо от приема пищи. Дозировка зависит от цели приема и индивидуальных особенностей пациента.',
        'Sanofi', 'Глазные капли', 'Редко возможны аллергические реакции, раздражение глаз.',
        'Хранить при температуре до 25°C в недоступном для детей месте.', 'Аллергодил',
        'd33b7cfe-2315-42e0-bafd-03ac7e4bf4f8'),

       ('81e51b7d-0c47-4a38-8e7e-8b177df98e0d', CURRENT_TIMESTAMP, CURRENT_TIMESTAMP,
        'Амоксициллин, Клавулановая кислота',
        'Индивидуальная непереносимость, желудочно-кишечные заболевания, беременность, лактация.',
        'Амоксиклав - комбинированный препарат на основе амоксициллина и клавулановой кислоты, применяется для лечения инфекций дыхательных путей и мочевыводящих систем.',
        'Лечение инфекций дыхательных путей и мочевыводящих систем.',
        'Принимать внутрь, независимо от приема пищи. Дозировка зависит от типа инфекции и индивидуальных особенностей пациента.',
        'GlaxoSmithKline', 'Таблетки', 'Возможны аллергические реакции, нарушение микрофлоры кишечника.',
        'Хранить при температуре до 25°C в недоступном для детей месте.', 'Амоксиклав',
        'f0d9ee8c-4e17-46d3-a50d-2429d09b7c97'),

       ('3d045a36-9e0c-4aa0-a308-938e40fb6d20', CURRENT_TIMESTAMP, CURRENT_TIMESTAMP, 'Амоксициллин',
        'Индивидуальная непереносимость, желудочно-кишечные заболевания, беременность, лактация.',
        'Амоксил - препарат, содержащий амоксициллин, применяется для лечения инфекций дыхательных путей, мочевыводящих систем и кожи.',
        'Лечение инфекций дыхательных путей, мочевыводящих систем и кожи.',
        'Принимать внутрь, независимо от приема пищи. Дозировка зависит от типа инфекции и индивидуальных особенностей пациента.',
        'Sandoz', 'Таблетки', 'Возможны аллергические реакции, диспептические расстройства.',
        'Хранить при температуре до 25°C в недоступном для детей месте.', 'Амоксил',
        'f0d9ee8c-4e17-46d3-a50d-2429d09b7c97'),

       ('ffdbf460-e03b-4f97-b5c1-708f26b9c90c', CURRENT_TIMESTAMP, CURRENT_TIMESTAMP, 'Амоксициллин',
        'Индивидуальная непереносимость, желудочно-кишечные заболевания, беременность, лактация.',
        'Амоксициллин-Акос - препарат, содержащий амоксициллин, применяется для лечения инфекций дыхательных путей, мочевыводящих систем и кожи.',
        'Лечение инфекций дыхательных путей, мочевыводящих систем и кожи.',
        'Принимать внутрь, независимо от приема пищи. Дозировка зависит от типа инфекции и индивидуальных особенностей пациента.',
        'Akos', 'Таблетки', 'Возможны аллергические реакции, диспептические расстройства.',
        'Хранить при температуре до 25°C в недоступном для детей месте.', 'Амоксициллин-Акос',
        'f0d9ee8c-4e17-46d3-a50d-2429d09b7c97'),

       ('1b33e0c4-d33f-4979-87bf-8c6c35c6b8b7', CURRENT_TIMESTAMP, CURRENT_TIMESTAMP, 'Амоксициллин',
        'Индивидуальная непереносимость, желудочно-кишечные заболевания, беременность, лактация.',
        'Амоксициллин-Ратиофарм - препарат, содержащий амоксициллин, применяется для лечения инфекций дыхательных путей, мочевыводящих систем и кожи.',
        'Лечение инфекций дыхательных путей, мочевыводящих систем и кожи.',
        'Принимать внутрь, независимо от приема пищи. Дозировка зависит от типа инфекции и индивидуальных особенностей пациента.',
        'RatioPharm', 'Таблетки', 'Возможны аллергические реакции, диспептические расстройства.',
        'Хранить при температуре до 25°C в недоступном для детей месте.', 'Амоксициллин-Ратиофарм',
        'f0d9ee8c-4e17-46d3-a50d-2429d09b7c97'),

       ('80d8d9a5-bb92-4a1c-8f52-d83f96a100ef', CURRENT_TIMESTAMP, CURRENT_TIMESTAMP, 'Амоксициллин',
        'Индивидуальная непереносимость, желудочно-кишечные заболевания, беременность, лактация.',
        'Амоксициллин-Сандоз - препарат, содержащий амоксициллин, применяется для лечения инфекций дыхательных путей, мочевыводящих систем и кожи.',
        'Лечение инфекций дыхательных путей, мочевыводящих систем и кожи.',
        'Принимать внутрь, независимо от приема пищи. Дозировка зависит от типа инфекции и индивидуальных особенностей пациента.',
        'Sandoz', 'Таблетки', 'Возможны аллергические реакции, диспептические расстройства.',
        'Хранить при температуре до 25°C в недоступном для детей месте.', 'Амоксициллин-Сандоз',
        'f0d9ee8c-4e17-46d3-a50d-2429d09b7c97'),

       ('0e2a4ac3-7782-4b9e-8c11-76ebc19b537b', CURRENT_TIMESTAMP, CURRENT_TIMESTAMP, 'Амоксициллин',
        'Индивидуальная непереносимость, желудочно-кишечные заболевания, беременность, лактация.',
        'Амосин - препарат, содержащий амоксициллин, применяется для лечения инфекций дыхательных путей, мочевыводящих систем и кожи.',
        'Лечение инфекций дыхательных путей, мочевыводящих систем и кожи.',
        'Принимать внутрь, независимо от приема пищи. Дозировка зависит от типа инфекции и индивидуальных особенностей пациента.',
        'Actavis', 'Таблетки', 'Возможны аллергические реакции, диспептические расстройства.',
        'Хранить при температуре до 25°C в недоступном для детей месте.', 'Амосин',
        'f0d9ee8c-4e17-46d3-a50d-2429d09b7c97'),

       ('f6b7417a-54f6-4525-b32a-1db5d2a1f58e', CURRENT_TIMESTAMP, CURRENT_TIMESTAMP, 'Лоратадин',
        'Индивидуальная непереносимость, беременность, лактация.',
        'Кларотадин - препарат, применяемый для снижения симптомов аллергии, таких как зуд, насморк и чихание.',
        'Снижение симптомов аллергии.',
        'Принимать внутрь, независимо от приема пищи. Дозировка зависит от возраста и веса пациента. Не превышать рекомендованную дозу.',
        'Bayer', 'Таблетки', 'Редко возможны аллергические реакции, головокружение.',
        'Хранить при температуре до 25°C в недоступном для детей месте.', 'Кларотадин',
        'd33b7cfe-2315-42e0-bafd-03ac7e4bf4f8'),

       ('e0b85422-f28c-4b08-b636-836f88fe1114', CURRENT_TIMESTAMP, CURRENT_TIMESTAMP, 'Ксилометазолин',
        'Индивидуальная непереносимость, гипертония, беременность, лактация.',
        'Ксилометазолин - препарат, применяемый для сужения сосудов слизистой оболочки носа, устранения отека и облегчения дыхания при насморке.',
        'Сужение сосудов слизистой оболочки носа, уменьшение отека, облегчение дыхания.',
        'Принимать внутрь, соблюдая дозировку. Не превышать рекомендованную дозу.', 'Novartis', 'Капли в нос',
        'Редко возможны аллергические реакции, сухость слизистой оболочки.',
        'Хранить при температуре до 25°C в недоступном для детей месте.', 'Ксилометазолин',
        'b3448c6e-01d3-44cd-8ad1-15316332f71a'),

       ('dc61e678-0df5-4a4d-8db5-54c0c63e0141', CURRENT_TIMESTAMP, CURRENT_TIMESTAMP, 'Лоратадин',
        'Индивидуальная непереносимость, беременность, лактация.',
        'Лоратал - препарат, применяемый для снижения симптомов аллергии, таких как зуд, насморк и чихание.',
        'Снижение симптомов аллергии.',
        'Принимать внутрь, независимо от приема пищи. Дозировка зависит от возраста и веса пациента. Не превышать рекомендованную дозу.',
        'Teva', 'Таблетки', 'Редко возможны аллергические реакции, головокружение.',
        'Хранить при температуре до 25°C в недоступном для детей месте.', 'Лоратал',
        'd33b7cfe-2315-42e0-bafd-03ac7e4bf4f8'),

       ('f0ff1424-680a-4f66-8d7d-2c3359c88a36', CURRENT_TIMESTAMP, CURRENT_TIMESTAMP, 'Омепразол',
        'Индивидуальная непереносимость, беременность, лактация.',
        'Лосек - препарат, содержащий омепразол, применяется для уменьшения выделения желудочного сока, лечения язвы желудка и эзофагита.',
        'Уменьшение выделения желудочного сока, лечение язвы желудка и эзофагита.',
        'Принимать внутрь, независимо от приема пищи. Дозировка зависит от цели приема и индивидуальных особенностей пациента.',
        'AstraZeneca', 'Капсулы', 'Возможны аллергические реакции, нарушение пищеварения.',
        'Хранить при температуре до 25°C в недоступном для детей месте.', 'Лосек',
        'a3d92d20-858e-4e0d-9aa6-22eb3ecf8fc2'),

       ('f38e6ee1-fd5f-4f5c-a4cd-19f7c9818328', CURRENT_TIMESTAMP, CURRENT_TIMESTAMP, 'Оксиметазолин',
        'Индивидуальная непереносимость, гипертония, беременность, лактация.',
        'Нафтизин - препарат, применяемый для сужения сосудов слизистой оболочки носа, устранения отека и облегчения дыхания при насморке.',
        'Сужение сосудов слизистой оболочки носа, уменьшение отека, облегчение дыхания.',
        'Принимать внутрь, соблюдая дозировку. Не превышать рекомендованную дозу.', 'Sandoz', 'Капли в нос',
        'Редко возможны аллергические реакции, сухость слизистой оболочки.',
        'Хранить при температуре до 25°C в недоступном для детей месте.', 'Нафтизин',
        'b3448c6e-01d3-44cd-8ad1-15316332f71a'),

       ('8a327881-c0aa-4ab7-bd89-b3ffbd8332b3', CURRENT_TIMESTAMP, CURRENT_TIMESTAMP, 'Оксиметазолин',
        'Индивидуальная непереносимость, гипертония, беременность, лактация.',
        'Називин - препарат, применяемый для сужения сосудов слизистой оболочки носа, устранения отека и облегчения дыхания при насморке.',
        'Сужение сосудов слизистой оболочки носа, уменьшение отека, облегчение дыхания.',
        'Принимать внутрь, соблюдая дозировку. Не превышать рекомендованную дозу.', 'Merck', 'Капли в нос',
        'Редко возможны аллергические реакции, сухость слизистой оболочки.',
        'Хранить при температуре до 25°C в недоступном для детей месте.', 'Називин',
        'b3448c6e-01d3-44cd-8ad1-15316332f71a'),

       ('d7cb0d17-1740-4b76-aadc-34bf7126ac68', CURRENT_TIMESTAMP, CURRENT_TIMESTAMP, 'Омепразол',
        'Индивидуальная непереносимость, беременность, лактация.',
        'Назол - препарат, содержащий омепразол, применяется для уменьшения выделения желудочного сока, лечения язвы желудка и эзофагита.',
        'Уменьшение выделения желудочного сока, лечение язвы желудка и эзофагита.',
        'Принимать внутрь, независимо от приема пищи. Дозировка зависит от цели приема и индивидуальных особенностей пациента.',
        'Тева', 'Капсулы', 'Возможны аллергические реакции, нарушение пищеварения.',
        'Хранить при температуре до 25°C в недоступном для детей месте.', 'Назол',
        'a3d92d20-858e-4e0d-9aa6-22eb3ecf8fc2'),

       ('48768a07-40e7-44ea-90e7-2d0a32a2f0d9', CURRENT_TIMESTAMP, CURRENT_TIMESTAMP, 'Омепразол',
        'Индивидуальная непереносимость, беременность, лактация.',
        'Нокспрей - препарат, содержащий омепразол, применяется для уменьшения выделения желудочного сока, лечения язвы желудка и эзофагита.',
        'Уменьшение выделения желудочного сока, лечение язвы желудка и эзофагита.',
        'Принимать внутрь, независимо от приема пищи. Дозировка зависит от цели приема и индивидуальных особенностей пациента.',
        'Novartis', 'Спрей', 'Возможны аллергические реакции, нарушение пищеварения.',
        'Хранить при температуре до 25°C в недоступном для детей месте.', 'Нокспрей',
        'a3d92d20-858e-4e0d-9aa6-22eb3ecf8fc2'),

       ('6f1165e9-ff66-4a76-8d01-cc0ea1472046', CURRENT_TIMESTAMP, CURRENT_TIMESTAMP, 'Омепразол',
        'Индивидуальная непереносимость, беременность, лактация.',
        'Омез - препарат, содержащий омепразол, применяется для уменьшения выделения желудочного сока, лечения язвы желудка и эзофагита.',
        'Уменьшение выделения желудочного сока, лечение язвы желудка и эзофагита.',
        'Принимать внутрь, независимо от приема пищи. Дозировка зависит от цели приема и индивидуальных особенностей пациента.',
        'Astellas', 'Капсулы', 'Возможны аллергические реакции, нарушение пищеварения.',
        'Хранить при температуре до 25°C в недоступном для детей месте.', 'Омез',
        'a3d92d20-858e-4e0d-9aa6-22eb3ecf8fc2'),

       ('7294dbad-b7af-44f3-bdda-e9b93f5f8da5', CURRENT_TIMESTAMP, CURRENT_TIMESTAMP, 'Омепразол',
        'Индивидуальная непереносимость, беременность, лактация.',
        'Омеп - препарат, содержащий омепразол, применяется для уменьшения выделения желудочного сока, лечения язвы желудка и эзофагита.',
        'Уменьшение выделения желудочного сока, лечение язвы желудка и эзофагита.',
        'Принимать внутрь, независимо от приема пищи. Дозировка зависит от цели приема и индивидуальных особенностей пациента.',
        'Bosnalijek', 'Капсулы', 'Возможны аллергические реакции, нарушение пищеварения.',
        'Хранить при температуре до 25°C в недоступном для детей месте.', 'Омеп',
        'a3d92d20-858e-4e0d-9aa6-22eb3ecf8fc2'),

       ('0ce7c0d2-fcc7-4c53-b25b-b651a2d5a875', CURRENT_TIMESTAMP, CURRENT_TIMESTAMP, 'Омепразол',
        'Индивидуальная непереносимость, беременность, лактация.',
        'Омепразол-Акрихин - препарат, содержащий омепразол, применяется для уменьшения выделения желудочного сока, лечения язвы желудка и эзофагита.',
        'Уменьшение выделения желудочного сока, лечение язвы желудка и эзофагита.',
        'Принимать внутрь, независимо от приема пищи. Дозировка зависит от цели приема и индивидуальных особенностей пациента.',
        'Akrikhin', 'Капсулы', 'Возможны аллергические реакции, нарушение пищеварения.',
        'Хранить при температуре до 25°C в недоступном для детей месте.', 'Омепразол-Акрихин',
        'a3d92d20-858e-4e0d-9aa6-22eb3ecf8fc2'),

       ('8bc224d4-ff99-47b8-87f7-c240072df4ce', CURRENT_TIMESTAMP, CURRENT_TIMESTAMP, 'Омепразол',
        'Индивидуальная непереносимость, беременность, лактация.',
        'Омепразол-Ратиофарм - препарат, содержащий омепразол, применяется для уменьшения выделения желудочного сока, лечения язвы желудка и эзофагита.',
        'Уменьшение выделения желудочного сока, лечение язвы желудка и эзофагита.',
        'Принимать внутрь, независимо от приема пищи. Дозировка зависит от цели приема и индивидуальных особенностей пациента.',
        'Ratiopharm', 'Капсулы', 'Возможны аллергические реакции, нарушение пищеварения.',
        'Хранить при температуре до 25°C в недоступном для детей месте.', 'Омепразол-Ратиофарм',
        'a3d92d20-858e-4e0d-9aa6-22eb3ecf8fc2'),

       ('883e0884-7e1f-40a7-896b-7ec0ed49b0b3', CURRENT_TIMESTAMP, CURRENT_TIMESTAMP, 'Омепразол',
        'Индивидуальная непереносимость, беременность, лактация.',
        'Омепразол-Санте - препарат, содержащий омепразол, применяется для уменьшения выделения желудочного сока, лечения язвы желудка и эзофагита.',
        'Уменьшение выделения желудочного сока, лечение язвы желудка и эзофагита.',
        'Принимать внутрь, независимо от приема пищи. Дозировка зависит от цели приема и индивидуальных особенностей пациента.',
        'Sante', 'Капсулы', 'Возможны аллергические реакции, нарушение пищеварения.',
        'Хранить при температуре до 25°C в недоступном для детей месте.', 'Омепразол-Санте',
        'a3d92d20-858e-4e0d-9aa6-22eb3ecf8fc2'),

       ('20736b8c-40e6-4b3d-9903-3a5dabf2b3bf', CURRENT_TIMESTAMP, CURRENT_TIMESTAMP, 'Омепразол',
        'Индивидуальная непереносимость, беременность, лактация.',
        'Омепразол-Тева - препарат, содержащий омепразол, применяется для уменьшения выделения желудочного сока, лечения язвы желудка и эзофагита.',
        'Уменьшение выделения желудочного сока, лечение язвы желудка и эзофагита.',
        'Принимать внутрь, независимо от приема пищи. Дозировка зависит от цели приема и индивидуальных особенностей пациента.',
        'Teva', 'Капсулы', 'Возможны аллергические реакции, нарушение пищеварения.',
        'Хранить при температуре до 25°C в недоступном для детей месте.', 'Омепразол-Тева',
        'a3d92d20-858e-4e0d-9aa6-22eb3ecf8fc2'),

       ('327c6c29-c0bd-4e3d-9ea0-86826704be5b', CURRENT_TIMESTAMP, CURRENT_TIMESTAMP, 'Ксилометазолин',
        'Индивидуальная непереносимость, гипертония, беременность, лактация.',
        'Риназолин - препарат, применяемый для сужения сосудов слизистой оболочки носа, устранения отека и облегчения дыхания при насморке.',
        'Сужение сосудов слизистой оболочки носа, уменьшение отека, облегчение дыхания.',
        'Принимать внутрь, соблюдая дозировку. Не превышать рекомендованную дозу.', 'Sandoz', 'Капли в нос',
        'Редко возможны аллергические реакции, сухость слизистой оболочки.',
        'Хранить при температуре до 25°C в недоступном для детей месте.', 'Риназолин',
        'b3448c6e-01d3-44cd-8ad1-15316332f71a'),

       ('e6e3b992-1351-4d8e-a46a-e48c5dce09de', CURRENT_TIMESTAMP, CURRENT_TIMESTAMP, 'Оксиметазолин',
        'Индивидуальная непереносимость, гипертония, беременность, лактация.',
        'Ринорин - препарат, применяемый для сужения сосудов слизистой оболочки носа, устранения отека и облегчения дыхания при насморке.',
        'Сужение сосудов слизистой оболочки носа, уменьшение отека, облегчение дыхания.',
        'Принимать внутрь, соблюдая дозировку. Не превышать рекомендованную дозу.', 'Novartis', 'Капли в нос',
        'Редко возможны аллергические реакции, сухость слизистой оболочки.',
        'Хранить при температуре до 25°C в недоступном для детей месте.', 'Ринорин',
        'b3448c6e-01d3-44cd-8ad1-15316332f71a'),

       ('24d36f2e-7cb1-4a07-b6d8-c5a28e7b7216', CURRENT_TIMESTAMP, CURRENT_TIMESTAMP, 'Ксилометазолин',
        'Индивидуальная непереносимость, гипертония, беременность, лактация.',
        'Ринт - препарат, применяемый для сужения сосудов слизистой оболочки носа, устранения отека и облегчения дыхания при насморке.',
        'Сужение сосудов слизистой оболочки носа, уменьшение отека, облегчение дыхания.',
        'Принимать внутрь, соблюдая дозировку. Не превышать рекомендованную дозу.', 'Sandoz', 'Капли в нос',
        'Редко возможны аллергические реакции, сухость слизистой оболочки.',
        'Хранить при температуре до 25°C в недоступном для детей месте.', 'Ринт',
        'b3448c6e-01d3-44cd-8ad1-15316332f71a'),

       ('8e3d7ad7-bd35-4762-8e86-1f9a464ffbc7', CURRENT_TIMESTAMP, CURRENT_TIMESTAMP, 'Псевдоэфедрин',
        'Индивидуальная непереносимость, гипертония, беременность, лактация.',
        'Судафед - препарат, применяемый для сужения сосудов слизистой оболочки носа, устранения отека и облегчения дыхания при насморке.',
        'Сужение сосудов слизистой оболочки носа, уменьшение отека, облегчение дыхания.',
        'Принимать внутрь, соблюдая дозировку. Не превышать рекомендованную дозу.', 'Johnson & Johnson', 'Таблетки',
        'Редко возможны аллергические реакции, головокружение.',
        'Хранить при температуре до 25°C в недоступном для детей месте.', 'Судафед',
        'b3448c6e-01d3-44cd-8ad1-15316332f71a'),

       ('3b6335b8-7456-4a8b-aae3-52ab1f7fbdc0', CURRENT_TIMESTAMP, CURRENT_TIMESTAMP, 'Ксилометазолин',
        'Индивидуальная непереносимость, гипертония, беременность, лактация.',
        'Фармазолин - препарат, применяемый для сужения сосудов слизистой оболочки носа, устранения отека и облегчения дыхания при насморке.',
        'Сужение сосудов слизистой оболочки носа, уменьшение отека, облегчение дыхания.',
        'Принимать внутрь, соблюдая дозировку. Не превышать рекомендованную дозу.', 'Sandoz', 'Капли в нос',
        'Редко возможны аллергические реакции, сухость слизистой оболочки.',
        'Хранить при температуре до 25°C в недоступном для детей месте.', 'Фармазолин',
        'b3448c6e-01d3-44cd-8ad1-15316332f71a'),

       ('d5c7913f-1a4f-40cf-b7f1-e7e1b4c75a22', CURRENT_TIMESTAMP, CURRENT_TIMESTAMP,
        'Амоксициллин, клавулановая кислота', 'Индивидуальная непереносимость, беременность, лактация.',
        'Флемоксин Солютаб - антибиотик, применяется для лечения инфекций верхних и нижних дыхательных путей, мочевыводящих путей, кожи и мягких тканей, костей и суставов.',
        'Лечение инфекций дыхательных путей, мочевыводящих путей, кожи и мягких тканей, костей и суставов.',
        'Принимать внутрь, соблюдая дозировку и рекомендации врача.', 'Astellas', 'Таблетки, диспергируемые в воде',
        'Возможны аллергические реакции, нарушение пищеварения.',
        'Хранить при температуре до 25°C в недоступном для детей месте.', 'Флемоксин Солютаб',
        'f0d9ee8c-4e17-46d3-a50d-2429d09b7c97')
;

UPDATE drugs
SET photo_id = '616dd89d-feb6-44c2-8ae6-5d40539eab26'
WHERE title = 'Панадол';
UPDATE drugs
SET photo_id = 'e0d8113b-4184-4b2d-bf30-002dec860b12'
WHERE title = 'Парацетамол';
UPDATE drugs
SET photo_id = '74ec2ee8-95f1-4c08-80c1-fefdd17891c0'
WHERE title = 'Калгель';
UPDATE drugs
SET photo_id = '4f3e20f5-0402-423f-989c-3975c31e6b10'
WHERE title = 'Цефекон Д';
UPDATE drugs
SET photo_id = 'd6bb5217-3a46-4b88-9d5e-bb7ed965c032'
WHERE title = 'Парацетамол-Ратиофарм';
UPDATE drugs
SET photo_id = 'a90b21f9-3366-430c-bf0b-02697c446e42'
WHERE title = 'Ацетаминофен';
UPDATE drugs
SET photo_id = '39924d51-f1cf-4bdd-b576-b67325a3ad9e'
WHERE title = 'Калпол';
UPDATE drugs
SET photo_id = 'ea67fddc-12a0-43c2-85fd-5947967d7478'
WHERE title = 'Эффералган';
UPDATE drugs
SET photo_id = '570e60b3-8783-47fa-be30-a6a0e71d26ab'
WHERE title = 'Нурофен';
UPDATE drugs
SET photo_id = '44fba824-dc6c-4482-a1f2-8f2e62f572e4'
WHERE title = 'Ибуфен';
UPDATE drugs
SET photo_id = '7aa5028f-403e-4504-8137-55e061ccfa7f'
WHERE title = 'Бруфен';
UPDATE drugs
SET photo_id = 'f22bcc65-a124-42d6-83d9-6c0d7c69a19b'
WHERE title = 'Ибуклин';
UPDATE drugs
SET photo_id = '1da55582-3829-4f5b-a055-40b81050761f'
WHERE title = 'Миг';
UPDATE drugs
SET photo_id = 'b4193f42-4ec6-4d97-98b0-9860a7b7a570'
WHERE title = 'Профенид';
UPDATE drugs
SET photo_id = 'e3c99100-18b5-44f8-9fe3-61a0977d428a'
WHERE title = 'Ибупрофен-Ратиофарм';
UPDATE drugs
SET photo_id = 'a0d6fcdc-9d8d-48d0-a251-6ef77d83b523'
WHERE title = 'Аспикард';
UPDATE drugs
SET photo_id = '9c9ce32d-ddd8-4182-b15a-15ada82da7c3'
WHERE title = 'Ацетилсалициловая кислота';
UPDATE drugs
SET photo_id = '644a2f0b-fa18-497b-b1e7-3ca489b7d8a5'
WHERE title = 'Аспирин';
UPDATE drugs
SET photo_id = 'f4757755-cbcd-4f60-8412-32785e602910'
WHERE title = 'Таспир';
UPDATE drugs
SET photo_id = '53a4b56f-bbb5-4122-9a0c-d7be0a4e32ab'
WHERE title = 'Аспирин-Кардио';
UPDATE drugs
SET photo_id = 'ef2d7969-065e-48b6-bfa9-6794f9bf3827'
WHERE title = 'Ацекардол';
UPDATE drugs
SET photo_id = '4975762e-ec95-4255-aa05-54962c58cd1f'
WHERE title = 'Кардио Аспирин';
UPDATE drugs
SET photo_id = 'f7b1506b-f2d8-41dd-94bf-4bfb2e133124'
WHERE title = 'Ацетисал-КардиоНео';
UPDATE drugs
SET photo_id = 'f069a84e-4b1a-4a5f-8631-07279a2771f0'
WHERE title = 'Кларитин';
UPDATE drugs
SET photo_id = 'b2914c22-f36e-473b-9232-054d7d9bfaae'
WHERE title = 'Лоратадин';
UPDATE drugs
SET photo_id = '17147bb8-8067-4c21-8a0b-13b64c605dcc'
WHERE title = 'Аллерон';
UPDATE drugs
SET photo_id = '12108a06-2773-4b1c-9f2c-bfae103f44ee'
WHERE title = 'Аллервэй';
UPDATE drugs
SET photo_id = 'bc9b7e89-2275-4c3c-b29d-8f30c25b01f6'
WHERE title = 'Аллергодил';
UPDATE drugs
SET photo_id = '0142f37a-dcec-431e-a4e2-8e8d25d93ce3'
WHERE title = 'Амоксиклав';
UPDATE drugs
SET photo_id = 'c1b54053-7c75-4282-ab17-183d22a5a52b'
WHERE title = 'Амоксил';
UPDATE drugs
SET photo_id = 'f42a0c30-b17c-4ae4-84c6-16fbe9319c71'
WHERE title = 'Амоксициллин-Акос';
UPDATE drugs
SET photo_id = '70a94480-7f07-450f-933c-74445e893d28'
WHERE title = 'Амоксициллин-Ратиофарм';
UPDATE drugs
SET photo_id = '6c922b7a-79c2-4f27-9c55-b19b02f2b26e'
WHERE title = 'Амоксициллин-Сандоз';
UPDATE drugs
SET photo_id = 'c68b5cbe-a174-44cd-86ba-12d893096c75'
WHERE title = 'Амосин';
UPDATE drugs
SET photo_id = 'c1081656-009a-4420-b6de-8d022c853d3e'
WHERE title = 'Кларотадин';
UPDATE drugs
SET photo_id = '7dd28243-a667-427d-8eb3-5e6bf8b9de44'
WHERE title = 'Ксилометазолин';
UPDATE drugs
SET photo_id = '5cdf03f5-cae8-4a52-9384-8a1da20b3d03'
WHERE title = 'Лоратал';
UPDATE drugs
SET photo_id = 'aa0b6222-a6cd-4697-b8c8-76de6e410201'
WHERE title = 'Лосек';
UPDATE drugs
SET photo_id = '816324cb-16ff-419d-bcb5-8cb21ad73ba3'
WHERE title = 'Нафтизин';
UPDATE drugs
SET photo_id = 'd66357f1-d48e-4d95-b394-617f900ac1f8'
WHERE title = 'Називин';
UPDATE drugs
SET photo_id = '58981f46-8e2d-4491-924b-a8f469065759'
WHERE title = 'Назол';
UPDATE drugs
SET photo_id = '46e04cac-e980-46dd-ab54-286d6baa3a83'
WHERE title = 'Нокспрей';
UPDATE drugs
SET photo_id = '56a1031d-3b1f-4bfa-ae2c-451e2279cb8e'
WHERE title = 'Омез';
UPDATE drugs
SET photo_id = 'f903e464-2541-44a7-b05e-349f556e696d'
WHERE title = 'Омеп';
UPDATE drugs
SET photo_id = '0fc6fb08-bf5b-4225-9497-55cdf1b79ed4'
WHERE title = 'Омепразол-Акрихин';
UPDATE drugs
SET photo_id = '715d6065-e217-40ab-ae21-593ce617dcb6'
WHERE title = 'Омепразол-Ратиофарм';
UPDATE drugs
SET photo_id = 'b2cc9755-de82-4eba-ab26-806cf838ac32'
WHERE title = 'Омепразол-Санте';
UPDATE drugs
SET photo_id = '463b3760-0830-42dd-863e-9666c921fb60'
WHERE title = 'Омепразол-Тева';
UPDATE drugs
SET photo_id = 'aa081fc7-8efa-4f06-b9cf-a8f53cab038d'
WHERE title = 'Риназолин';
UPDATE drugs
SET photo_id = '28e526ba-e673-49a5-9f27-23cb4782af1f'
WHERE title = 'Ринорин';
UPDATE drugs
SET photo_id = '9624e5b4-497b-4c44-bc21-db3834437b73'
WHERE title = 'Ринт';
UPDATE drugs
SET photo_id = '365af848-d470-428b-841d-cc3f193ffd8c'
WHERE title = 'Судафед';
UPDATE drugs
SET photo_id = 'd4877ddb-d9ef-4a40-853f-9516bdf4dc84'
WHERE title = 'Фармазолин';
UPDATE drugs
SET photo_id = '0b46ad58-44d3-496b-a9cf-ff072d53948b'
WHERE title = 'Флемоксин Солютаб';

INSERT INTO drugs_category(drug_id, category_id)
VALUES ('bb773581-4d15-4c8b-ae9a-24eb0862a90c', 'c55e9883-3552-4c9f-9d21-08f9a328a9e6'), -- Калгель
       ('bb773581-4d15-4c8b-ae9a-24eb0862a90c', 'b9bf0631-16df-42a4-9f34-d86525d5a870'), -- Калгель

       ('cee4c85e-4e05-4aaf-8a15-b8f619678c3e', '87ef89d1-7802-4f01-aed7-f0d51d9f00de'), -- Цефекон Д

       ('9238c21a-e31d-401e-a932-947f19f0b6a3', 'c55e9883-3552-4c9f-9d21-08f9a328a9e6'), -- Ацетаминофен
       ('9238c21a-e31d-401e-a932-947f19f0b6a3', 'e6b7002f-75b3-40e2-8b13-1e68fcf186a9'), -- Ацетаминофен

       ('bd2e17e2-5ac6-4f9d-b96e-5a6b4cc63757', 'c55e9883-3552-4c9f-9d21-08f9a328a9e6'), -- Калпол
       ('bd2e17e2-5ac6-4f9d-b96e-5a6b4cc63757', 'e6b7002f-75b3-40e2-8b13-1e68fcf186a9'), -- Калпол

       ('aa013c23-7194-4bc5-ba2d-ba501902c47c', 'c55e9883-3552-4c9f-9d21-08f9a328a9e6'), -- Эффералган
       ('aa013c23-7194-4bc5-ba2d-ba501902c47c', 'b9bf0631-16df-42a4-9f34-d86525d5a870'), -- Эффералган

       ('e9a4a8bb-00b3-4d8c-bf52-69430931fb5a', 'c55e9883-3552-4c9f-9d21-08f9a328a9e6'), -- Парацетамол
       ('e9a4a8bb-00b3-4d8c-bf52-69430931fb5a', 'e6b7002f-75b3-40e2-8b13-1e68fcf186a9'), -- Парацетамол

       ('bd44c7bd-eb11-4f2f-9e36-1e8aa3d8b6ec', 'c55e9883-3552-4c9f-9d21-08f9a328a9e6'), -- Ибуфен
       ('bd44c7bd-eb11-4f2f-9e36-1e8aa3d8b6ec', 'a39cc9d0-f0a4-4851-b1a2-0a84b9da7aeb'), -- Ибуфен

       ('78f8a6a5-6e1e-47a1-b3c9-5f5e5ccba287', 'a39cc9d0-f0a4-4851-b1a2-0a84b9da7aeb'), -- Бруфен

       ('bb31e03a-65f3-4157-90d5-33fb7a0ea1b5', 'a39cc9d0-f0a4-4851-b1a2-0a84b9da7aeb'), -- Ибуклин

       ('f1be64fe-1e34-432d-97b0-1c8eaf0020c7', 'c55e9883-3552-4c9f-9d21-08f9a328a9e6'), -- Миг

       ('d556e7e8-6c65-46e5-901f-090f3281c130', 'a39cc9d0-f0a4-4851-b1a2-0a84b9da7aeb'), -- Профенид

       ('9f16ebbb-c3c9-4b6b-82ef-af74f8b78d2d', 'a39cc9d0-f0a4-4851-b1a2-0a84b9da7aeb'), -- Ибупрофен-Ратиофарм

       ('a6de02d2-08ec-42f1-bc1e-c1b2e2c5de5f', 'a39cc9d0-f0a4-4851-b1a2-0a84b9da7aeb'), -- Ацетилсалициловая кислота

       ('86282607-3b45-4eb5-98a9-d0e9f9c2dfb4', 'b9bf0631-16df-42a4-9f34-d86525d5a870'), -- Аспирин

       ('05bd51f4-53dd-4b50-9265-57654e9e8e2a', 'b9bf0631-16df-42a4-9f34-d86525d5a870'), -- Таспир

       ('7fb5e91d-46b7-4a13-a91c-26e15e345345', 'b9bf0631-16df-42a4-9f34-d86525d5a870'), -- Аспирин-Кардио

       ('9029a032-1ef5-4f86-95e4-5ecf89b9e3de', 'b9bf0631-16df-42a4-9f34-d86525d5a870'), -- Ацекардол

       ('dc61e678-0df5-4a4d-8db5-54c0c63e0141', 'b9bf0631-16df-42a4-9f34-d86525d5a870'), -- Лоратал

       ('14269b41-877c-4da3-9922-792d5941cb56', 'b9bf0631-16df-42a4-9f34-d86525d5a870'), -- Ацетисал-КардиоНео

       ('a0c2f15d-3c8f-45e1-8645-76420897414c', 'b9bf0631-16df-42a4-9f34-d86525d5a870'), -- Лоратадин

       ('e6e85b14-f50d-40f2-a1c4-6b8d2b3667c1', 'b9bf0631-16df-42a4-9f34-d86525d5a870'), -- Аллерон

       ('98cc52d8-4ba1-4753-a84e-6a42b6701fb1', 'b9bf0631-16df-42a4-9f34-d86525d5a870'), -- Аллервэй

       ('103e588a-2e9a-4a23-bf2a-6fb06f5ea25a', 'b9bf0631-16df-42a4-9f34-d86525d5a870'), -- Аллергодил

       ('3d045a36-9e0c-4aa0-a308-938e40fb6d20', 'b9bf0631-16df-42a4-9f34-d86525d5a870'), -- Амоксил

       ('ffdbf460-e03b-4f97-b5c1-708f26b9c90c', '87ef89d1-7802-4f01-aed7-f0d51d9f00de'), -- Амоксициллин-Акос

       ('1b33e0c4-d33f-4979-87bf-8c6c35c6b8b7', '87ef89d1-7802-4f01-aed7-f0d51d9f00de'), -- Амоксициллин-Ратиофарм

       ('80d8d9a5-bb92-4a1c-8f52-d83f96a100ef', '87ef89d1-7802-4f01-aed7-f0d51d9f00de'), -- Амоксициллин-Сандоз
       ('80d8d9a5-bb92-4a1c-8f52-d83f96a100ef', 'a39cc9d0-f0a4-4851-b1a2-0a84b9da7aeb'), -- Амоксициллин-Сандоз

       ('0e2a4ac3-7782-4b9e-8c11-76ebc19b537b', '87ef89d1-7802-4f01-aed7-f0d51d9f00de'), -- Амосин
       ('0e2a4ac3-7782-4b9e-8c11-76ebc19b537b', 'a39cc9d0-f0a4-4851-b1a2-0a84b9da7aeb'), -- Амосин

       ('f6b7417a-54f6-4525-b32a-1db5d2a1f58e', 'b9bf0631-16df-42a4-9f34-d86525d5a870'), -- Кларотадин

       ('f38e6ee1-fd5f-4f5c-a4cd-19f7c9818328', 'b6bb1e74-bf6c-4d43-aad3-764d8308c55b'), -- Нафтизин

       ('8a327881-c0aa-4ab7-bd89-b3ffbd8332b3', 'b6bb1e74-bf6c-4d43-aad3-764d8308c55b'), -- Називин

       ('d7cb0d17-1740-4b76-aadc-34bf7126ac68', 'b6bb1e74-bf6c-4d43-aad3-764d8308c55b'), -- Назол

       ('48768a07-40e7-44ea-90e7-2d0a32a2f0d9', 'b6bb1e74-bf6c-4d43-aad3-764d8308c55b'), -- Нокспрей

       ('6f1165e9-ff66-4a76-8d01-cc0ea1472046', '4300eac4-9e48-4d69-ba4b-8756d596695d'), -- Омез

       ('7294dbad-b7af-44f3-bdda-e9b93f5f8da5', '4300eac4-9e48-4d69-ba4b-8756d596695d'), -- Омеп

       ('8bc224d4-ff99-47b8-87f7-c240072df4ce', '4300eac4-9e48-4d69-ba4b-8756d596695d'), -- Омепразол-Акрихин

       ('883e0884-7e1f-40a7-896b-7ec0ed49b0b3', '4300eac4-9e48-4d69-ba4b-8756d596695d'), -- Омепразол-Ратиофарм

       ('20736b8c-40e6-4b3d-9903-3a5dabf2b3bf', '4300eac4-9e48-4d69-ba4b-8756d596695d'), -- Омепразол-Санте

       ('327c6c29-c0bd-4e3d-9ea0-86826704be5b', '4300eac4-9e48-4d69-ba4b-8756d596695d'), -- Омепразол-Тева

       ('e6e3b992-1351-4d8e-a46a-e48c5dce09de', 'b6bb1e74-bf6c-4d43-aad3-764d8308c55b'), -- Риназолин

       ('24d36f2e-7cb1-4a07-b6d8-c5a28e7b7216', 'b6bb1e74-bf6c-4d43-aad3-764d8308c55b'), -- Ринорин

       ('f625a519-1c5e-4c9f-8f43-5d18454b7232', 'b6bb1e74-bf6c-4d43-aad3-764d8308c55b'), -- Ринт

       ('8e1cf14d-7609-4074-ba8c-cd227a0b10a1', 'c55e9883-3552-4c9f-9d21-08f9a328a9e6'), -- Панадол

       ('e24dbefa-977f-4a12-b831-93e1e87183f4', 'c55e9883-3552-4c9f-9d21-08f9a328a9e6'), -- Парацетамол-Ратиофарм

       ('2075b07b-0a63-4a2f-ba19-9e75f8a0f939', 'a39cc9d0-f0a4-4851-b1a2-0a84b9da7aeb'), -- Нурофен

       ('3b6335b8-7456-4a8b-aae3-52ab1f7fbdc0', 'b9bf0631-16df-42a4-9f34-d86525d5a870'), -- Аспикард

       ('d5c7913f-1a4f-40cf-b7f1-e7e1b4c75a22', 'b6bb1e74-bf6c-4d43-aad3-764d8308c55b'), -- Фармазолин

       ('73626e55-5873-4af9-9c82-61f570cc23a7', '87ef89d1-7802-4f01-aed7-f0d51d9f00de'), -- Флемоксин Солютаб

       ('a71f25f4-cc3e-4e5a-9a4a-eb5f8bb0db6f', 'b9bf0631-16df-42a4-9f34-d86525d5a870'), -- Кардио Аспирин

       ('81e51b7d-0c47-4a38-8e7e-8b177df98e0d', 'b9bf0631-16df-42a4-9f34-d86525d5a870'), -- Кларитин

       ('e0b85422-f28c-4b08-b636-836f88fe1114', '87ef89d1-7802-4f01-aed7-f0d51d9f00de'), -- Амоксиклав

       ('f0ff1424-680a-4f66-8d7d-2c3359c88a36', 'b6bb1e74-bf6c-4d43-aad3-764d8308c55b'), -- Ксилометазолин

       ('0ce7c0d2-fcc7-4c53-b25b-b651a2d5a875', 'c55e9883-3552-4c9f-9d21-08f9a328a9e6'), -- Лосек

       ('8e3d7ad7-bd35-4762-8e86-1f9a464ffbc7', '4300eac4-9e48-4d69-ba4b-8756d596695d'); -- Омепразол-Акрихин

