INSERT INTO account (id, state, first_name, last_name, email, password, role) VALUES
                                                                                  ('11111111-1111-1111-1111-111111111111', 'ACTIVE', 'Админ', 'Админов', 'admin@example.com', '$2a$10$EROQxY8Nm5WujHL9qySzTu5SLZ9NWl5AQ/1dB2YGl83UMZMgeCiFa', 'ADMIN'),
                                                                                  ('22222222-2222-2222-2222-222222222222', 'DELETED', 'Удаленный', 'Пользователь', 'deleted_user@example.com', '$2a$10$EROQxY8Nm5WujHL9qySzTu5SLZ9NWl5AQ/1dB2YGl83UMZMgeCiFa', 'COMMON_USER'),
                                                                                  ('33333333-3333-3333-3333-333333333333', 'ACTIVE', 'Иван', 'Иванов', 'ivan.ivanov@example.com', '$2a$10$EROQxY8Nm5WujHL9qySzTu5SLZ9NWl5AQ/1dB2YGl83UMZMgeCiFa', 'COMMON_USER'),
                                                                                  ('44444444-4444-4444-4444-444444444444', 'ACTIVE', 'Мария', 'Петрова', 'maria.petrova@example.com', '$2a$10$EROQxY8Nm5WujHL9qySzTu5SLZ9NWl5AQ/1dB2YGl83UMZMgeCiFa', 'COMMON_USER'),
                                                                                  ('55555555-5555-5555-5555-555555555555', 'ACTIVE', 'Сергей', 'Сергеев', 'sergey.sergeev@example.com', '$2a$10$EROQxY8Nm5WujHL9qySzTu5SLZ9NWl5AQ/1dB2YGl83UMZMgeCiFa', 'COMMON_USER'),
                                                                                  ('66666666-6666-6666-6666-666666666666', 'ACTIVE', 'Елена', 'Смирнова', 'elena.smirnova@example.com', '$2a$10$EROQxY8Nm5WujHL9qySzTu5SLZ9NWl5AQ/1dB2YGl83UMZMgeCiFa', 'COMMON_USER');

INSERT INTO task (id, state, title, description, status, priority, author_id, executor_id, posted_at, last_edited_at, version) VALUES
                                                                                                                                   ('a1111111-1111-1111-1111-111111111111', 'ACTIVE', 'Сделать отчет', 'Подготовить отчет по проекту', 'NEW', 'HIGH', '11111111-1111-1111-1111-111111111111', NULL, NOW(), NOW() + INTERVAL '1 day', 0),
                                                                                                                                   ('a2222222-2222-2222-2222-222222222222', 'ACTIVE', 'Рефакторинг кода', 'Обновить старый код', 'ASSIGNED', 'MEDIUM', '11111111-1111-1111-1111-111111111111', '33333333-3333-3333-3333-333333333333', NOW(), NOW() + INTERVAL '2 days', 0),
                                                                                                                                   ('a3333333-3333-3333-3333-333333333333', 'DELETED', 'Добавить функционал', 'Создать новый модуль', 'DISCUSSION', 'LOW', '11111111-1111-1111-1111-111111111111', '22222222-2222-2222-2222-222222222222', NOW(), NOW(), 0),
                                                                                                                                   ('a4444444-4444-4444-4444-444444444444', 'ACTIVE', 'Тестирование', NULL, 'APPROVED', 'HIGH', '11111111-1111-1111-1111-111111111111', '44444444-4444-4444-4444-444444444444', NOW(), NOW() + INTERVAL '4 days', 0),
                                                                                                                                   ('a5555555-5555-5555-5555-555555555555', 'ACTIVE', 'Документация', 'Написать документацию', 'CLOSED', 'LOW', '11111111-1111-1111-1111-111111111111', '55555555-5555-5555-5555-555555555555', NOW(), NOW() + INTERVAL '5 days', 0),
                                                                                                                                   ('a6666666-6666-6666-6666-666666666666', 'ACTIVE', 'Обучение команды', 'Провести семинар', 'REVIEW', 'MEDIUM', '11111111-1111-1111-1111-111111111111', '66666666-6666-6666-6666-666666666666', NOW(), NOW() + INTERVAL '6 days', 0),
                                                                                                                                   ('a7777777-7777-7777-7777-777777777777', 'ACTIVE', 'Анализ требований', NULL, 'NEW', 'HIGH', '11111111-1111-1111-1111-111111111111', NULL, NOW(), NOW() - INTERVAL '7 days', 0),
                                                                                                                                   ('a8888888-8888-8888-8888-888888888888', 'ACTIVE', 'Исправить баги', 'Решить проблемы в коде', 'ASSIGNED', 'HIGH', '11111111-1111-1111-1111-111111111111', '33333333-3333-3333-3333-333333333333', NOW(), NOW(), 0),
                                                                                                                                   ('a9999999-9999-9999-9999-999999999999', 'ACTIVE', 'Добавить отчеты', 'Создать отчетные формы', 'REJECTED', 'MEDIUM', '11111111-1111-1111-1111-111111111111', '22222222-2222-2222-2222-222222222222', NOW(), NOW() + INTERVAL '9 days', 0),
                                                                                                                                   ('b1111111-1111-1111-1111-111111111111', 'DELETED', 'Разработка API', 'Создать REST API', 'APPROVED', 'HIGH', '11111111-1111-1111-1111-111111111111', '44444444-4444-4444-4444-444444444444', NOW(), NOW() + INTERVAL '10 days', 0),
                                                                                                                                   ('b2222222-2222-2222-2222-222222222222', 'ACTIVE', 'Разработка UI', 'Создать интерфейс', 'NEW', 'LOW', '11111111-1111-1111-1111-111111111111', NULL, NOW(), NOW() + INTERVAL '11 days', 0),
                                                                                                                                   ('b3333333-3333-3333-3333-333333333333', 'ACTIVE', 'Оптимизация', 'Ускорить работу сервиса', 'REVIEW', 'MEDIUM', '11111111-1111-1111-1111-111111111111', '66666666-6666-6666-6666-666666666666', NOW(), NOW(), 0),
                                                                                                                                   ('b4444444-4444-4444-4444-444444444444', 'ACTIVE', 'Создание базы данных', 'Разработать схему', 'DISCUSSION', 'HIGH', '11111111-1111-1111-1111-111111111111', '55555555-5555-5555-5555-555555555555', NOW(), NOW(), 0),
                                                                                                                                   ('b5555555-5555-5555-5555-555555555555', 'ACTIVE', 'Установка ПО', 'Настроить сервер', 'CLOSED', 'MEDIUM', '11111111-1111-1111-1111-111111111111', '33333333-3333-3333-3333-333333333333', NOW(), NOW() + INTERVAL '14 days', 0),
                                                                                                                                   ('b6666666-6666-6666-6666-666666666666', 'ACTIVE', 'Проверка производительности', 'Тесты нагрузки', 'APPROVED', 'HIGH', '11111111-1111-1111-1111-111111111111', '55555555-5555-5555-5555-555555555555', NOW(), NOW() + INTERVAL '15 days', 0);


INSERT INTO comment (id, state, text, author_id, task_id, posted_at, last_edited_at) VALUES
                                                                                         ('c1111111-1111-1111-1111-111111111111', 'ACTIVE', 'Отличная работа!', '33333333-3333-3333-3333-333333333333', 'a2222222-2222-2222-2222-222222222222', NOW(), NOW()),
                                                                                         ('c2222222-2222-2222-2222-222222222222', 'ACTIVE', 'Нужно исправить.', '55555555-5555-5555-5555-555555555555', 'b4444444-4444-4444-4444-444444444444', NOW(), NOW() + INTERVAL '1 DAY'),
                                                                                         ('c3333333-3333-3333-3333-333333333333', 'ACTIVE', 'Добавьте описание.', '66666666-6666-6666-6666-666666666666', 'b3333333-3333-3333-3333-333333333333', NOW(), NOW() + INTERVAL '2 HOURS'),
                                                                                         ('c4444444-4444-4444-4444-444444444444', 'DELETED', 'Старая информация.', '33333333-3333-3333-3333-333333333333', 'a2222222-2222-2222-2222-222222222222', NOW(), NOW()),
                                                                                         ('c5555555-5555-5555-5555-555555555555', 'ACTIVE', 'Всё готово.', '44444444-4444-4444-4444-444444444444', 'a5555555-5555-5555-5555-555555555555', NOW(), NOW()),
                                                                                         ('c6666666-6666-6666-6666-666666666666', 'ACTIVE', 'Работа принята.', '55555555-5555-5555-5555-555555555555', 'b6666666-6666-6666-6666-666666666666', NOW(), NOW() + INTERVAL '3 DAYS'),
                                                                                         ('c7777777-7777-7777-7777-777777777777', 'ACTIVE', 'Отличный результат.', '33333333-3333-3333-3333-333333333333', 'a8888888-8888-8888-8888-888888888888', NOW(), NOW()),
                                                                                         ('c8888888-8888-8888-8888-888888888888', 'ACTIVE', 'Необходимо доработать.', '44444444-4444-4444-4444-444444444444', 'b5555555-5555-5555-5555-555555555555', NOW(), NOW() + INTERVAL '5 HOURS'),
                                                                                         ('c9999999-9999-9999-9999-999999999999', 'DELETED', 'Устаревший комментарий.', '22222222-2222-2222-2222-222222222222', 'a3333333-3333-3333-3333-333333333333', NOW(), NOW()),
                                                                                         ('d1111111-1111-1111-1111-111111111111', 'ACTIVE', 'Жду результатов.', '55555555-5555-5555-5555-555555555555', 'b1111111-1111-1111-1111-111111111111', NOW(), NOW()),
                                                                                         ('d2222222-2222-2222-2222-222222222222', 'ACTIVE', 'Добавьте тесты.', '66666666-6666-6666-6666-666666666666', 'b4444444-4444-4444-4444-444444444444', NOW(), NOW() + INTERVAL '2 HOURS'),
                                                                                         ('d3333333-3333-3333-3333-333333333333', 'ACTIVE', 'Хорошо работает.', '33333333-3333-3333-3333-333333333333', 'a8888888-8888-8888-8888-888888888888', NOW(), NOW()),
                                                                                         ('d4444444-4444-4444-4444-444444444444', 'ACTIVE', 'Все задачи выполнены.', '44444444-4444-4444-4444-444444444444', 'b5555555-5555-5555-5555-555555555555', NOW(), NOW() + INTERVAL '1 DAY'),
                                                                                         ('d5555555-5555-5555-5555-555555555555', 'ACTIVE', 'Принято.', '55555555-5555-5555-5555-555555555555', 'b6666666-6666-6666-6666-666666666666', NOW(), NOW()),
                                                                                         ('d6666666-6666-6666-6666-666666666666', 'ACTIVE', 'Требуется уточнение.', '33333333-3333-3333-3333-333333333333', 'b1111111-1111-1111-1111-111111111111', NOW(), NOW());
